{
  "id": "2199157",
  "name": "舍得",
  "font_family": "sd-icon-font",
  "css_prefix_text": "icon-sd-",
  "description": "",
  "glyphs": [
    {
      "icon_id": "18184958",
      "name": "人员筛选",
      "font_class": "renyuanshaixuan2x",
      "unicode": "e618",
      "unicode_decimal": 58904
    },
    {
      "icon_id": "18184959",
      "name": "小程序触达",
      "font_class": "xiaochengxuchuda2x",
      "unicode": "e619",
      "unicode_decimal": 58905
    },
    {
      "icon_id": "18184960",
      "name": "添加群组",
      "font_class": "tianjiaqunzu2x",
      "unicode": "e61a",
      "unicode_decimal": 58906
    },
    {
      "icon_id": "18184961",
      "name": "添加标签",
      "font_class": "tianjiabiaoqian2x",
      "unicode": "e61b",
      "unicode_decimal": 58907
    },
    {
      "icon_id": "18184962",
      "name": "效果判断",
      "font_class": "xiaoguopanduan2x",
      "unicode": "e61c",
      "unicode_decimal": 58908
    },
    {
      "icon_id": "18184963",
      "name": "移除标签",
      "font_class": "yichubiaoqian2x",
      "unicode": "e61d",
      "unicode_decimal": 58909
    },
    {
      "icon_id": "18184964",
      "name": "移除群组",
      "font_class": "yichuqunzu2x",
      "unicode": "e61e",
      "unicode_decimal": 58910
    },
    {
      "icon_id": "18184965",
      "name": "发放优惠券",
      "font_class": "fafangyouhuiquan2x",
      "unicode": "e61f",
      "unicode_decimal": 58911
    },
    {
      "icon_id": "18184966",
      "name": "站内信息触达",
      "font_class": "zhanneixinxichuda2x",
      "unicode": "e620",
      "unicode_decimal": 58912
    },
    {
      "icon_id": "18184967",
      "name": "活动资格",
      "font_class": "huodongzige2x",
      "unicode": "e621",
      "unicode_decimal": 58913
    },
    {
      "icon_id": "18184944",
      "name": "短信触达",
      "font_class": "duanxinchuda2x",
      "unicode": "e60a",
      "unicode_decimal": 58890
    },
    {
      "icon_id": "18184945",
      "name": "发放红包",
      "font_class": "fafanghongbao2x",
      "unicode": "e60b",
      "unicode_decimal": 58891
    },
    {
      "icon_id": "18184946",
      "name": "等待",
      "font_class": "dengdai2x",
      "unicode": "e60c",
      "unicode_decimal": 58892
    },
    {
      "icon_id": "18184947",
      "name": "发放成长值",
      "font_class": "fafangchengchangzhi2x",
      "unicode": "e60d",
      "unicode_decimal": 58893
    },
    {
      "icon_id": "18184948",
      "name": "发放积分",
      "font_class": "fafangjifen2x",
      "unicode": "e60e",
      "unicode_decimal": 58894
    },
    {
      "icon_id": "18184949",
      "name": "发放奖品",
      "font_class": "fafangjiangpin2x",
      "unicode": "e60f",
      "unicode_decimal": 58895
    },
    {
      "icon_id": "18184950",
      "name": "发放卡券",
      "font_class": "fafangkaquan2x",
      "unicode": "e610",
      "unicode_decimal": 58896
    },
    {
      "icon_id": "18184951",
      "name": "结束",
      "font_class": "jieshu2x",
      "unicode": "e611",
      "unicode_decimal": 58897
    },
    {
      "icon_id": "18184952",
      "name": "汇聚",
      "font_class": "huiju2x",
      "unicode": "e612",
      "unicode_decimal": 58898
    },
    {
      "icon_id": "18184953",
      "name": "公众号触达",
      "font_class": "gongzhonghaochuda2x",
      "unicode": "e613",
      "unicode_decimal": 58899
    },
    {
      "icon_id": "18184954",
      "name": "分流",
      "font_class": "fenliu2x",
      "unicode": "e614",
      "unicode_decimal": 58900
    },
    {
      "icon_id": "18184955",
      "name": "开始",
      "font_class": "kaishi2x",
      "unicode": "e615",
      "unicode_decimal": 58901
    },
    {
      "icon_id": "18184956",
      "name": "事件判断",
      "font_class": "shijianpanduan2x",
      "unicode": "e616",
      "unicode_decimal": 58902
    },
    {
      "icon_id": "18184957",
      "name": "企业微信触达",
      "font_class": "qiyeweixinchuda2x",
      "unicode": "e617",
      "unicode_decimal": 58903
    }
  ]
}
