{
  "id": "1772590",
  "name": "nebula2.2",
  "font_family": "nebulafont",
  "css_prefix_text": "nebula-icon-",
  "description": "",
  "glyphs": [
    {
      "icon_id": "927715",
      "name": "ico-two-up-arrow",
      "font_class": "up-two-arrow",
      "unicode": "e645",
      "unicode_decimal": 58949
    },
    {
      "icon_id": "927736",
      "name": "ico-two-down-arrow",
      "font_class": "down-two-arrow",
      "unicode": "e659",
      "unicode_decimal": 58969
    },
    {
      "icon_id": "10452204",
      "name": "beizhu",
      "font_class": "beizhu",
      "unicode": "e685",
      "unicode_decimal": 59013
    },
    {
      "icon_id": "10452205",
      "name": "bianqian",
      "font_class": "bianqian",
      "unicode": "e686",
      "unicode_decimal": 59014
    },
    {
      "icon_id": "10452206",
      "name": "cha",
      "font_class": "cha",
      "unicode": "e687",
      "unicode_decimal": 59015
    },
    {
      "icon_id": "10452207",
      "name": "bofang",
      "font_class": "bofang",
      "unicode": "e688",
      "unicode_decimal": 59016
    },
    {
      "icon_id": "10452208",
      "name": "jia",
      "font_class": "jia",
      "unicode": "e689",
      "unicode_decimal": 59017
    },
    {
      "icon_id": "10452209",
      "name": "bianji",
      "font_class": "bianji",
      "unicode": "e68a",
      "unicode_decimal": 59018
    },
    {
      "icon_id": "10452210",
      "name": "dinge",
      "font_class": "dinge",
      "unicode": "e68b",
      "unicode_decimal": 59019
    },
    {
      "icon_id": "10452211",
      "name": "dinwei",
      "font_class": "dinwei",
      "unicode": "e68c",
      "unicode_decimal": 59020
    },
    {
      "icon_id": "10452212",
      "name": "geren",
      "font_class": "geren",
      "unicode": "e68d",
      "unicode_decimal": 59021
    },
    {
      "icon_id": "10452213",
      "name": "fanghui",
      "font_class": "fanghui",
      "unicode": "e68e",
      "unicode_decimal": 59022
    },
    {
      "icon_id": "10452214",
      "name": "guanbi",
      "font_class": "guanbi",
      "unicode": "e68f",
      "unicode_decimal": 59023
    },
    {
      "icon_id": "10452215",
      "name": "chouti",
      "font_class": "chouti",
      "unicode": "e690",
      "unicode_decimal": 59024
    },
    {
      "icon_id": "10452216",
      "name": "fx",
      "font_class": "fx",
      "unicode": "e691",
      "unicode_decimal": 59025
    },
    {
      "icon_id": "10452217",
      "name": "liandai",
      "font_class": "liandai",
      "unicode": "e692",
      "unicode_decimal": 59026
    },
    {
      "icon_id": "10452218",
      "name": "cai",
      "font_class": "cai",
      "unicode": "e693",
      "unicode_decimal": 59027
    },
    {
      "icon_id": "10452219",
      "name": "jiajia",
      "font_class": "jiajia",
      "unicode": "e694",
      "unicode_decimal": 59028
    },
    {
      "icon_id": "10452220",
      "name": "guangbil",
      "font_class": "guangbil",
      "unicode": "e695",
      "unicode_decimal": 59029
    },
    {
      "icon_id": "10452221",
      "name": "lianjie",
      "font_class": "lianjie",
      "unicode": "e696",
      "unicode_decimal": 59030
    },
    {
      "icon_id": "10452222",
      "name": "fenxiang",
      "font_class": "fenxiang",
      "unicode": "e697",
      "unicode_decimal": 59031
    },
    {
      "icon_id": "10452223",
      "name": "daochu",
      "font_class": "daochu",
      "unicode": "e698",
      "unicode_decimal": 59032
    },
    {
      "icon_id": "10452224",
      "name": "erweima",
      "font_class": "erweima",
      "unicode": "e699",
      "unicode_decimal": 59033
    },
    {
      "icon_id": "10452225",
      "name": "laihui",
      "font_class": "laihui",
      "unicode": "e69a",
      "unicode_decimal": 59034
    },
    {
      "icon_id": "10452226",
      "name": "liulan",
      "font_class": "liulan",
      "unicode": "e69b",
      "unicode_decimal": 59035
    },
    {
      "icon_id": "10452227",
      "name": "Combined Shape",
      "font_class": "CombinedShape",
      "unicode": "e69c",
      "unicode_decimal": 59036
    },
    {
      "icon_id": "10452228",
      "name": "qianbao",
      "font_class": "qianbao",
      "unicode": "e69d",
      "unicode_decimal": 59037
    },
    {
      "icon_id": "10452229",
      "name": "shang",
      "font_class": "shang",
      "unicode": "e69e",
      "unicode_decimal": 59038
    },
    {
      "icon_id": "10452230",
      "name": "shanchuang",
      "font_class": "shanchuang",
      "unicode": "e69f",
      "unicode_decimal": 59039
    },
    {
      "icon_id": "10452231",
      "name": "qian",
      "font_class": "qian",
      "unicode": "e6a0",
      "unicode_decimal": 59040
    },
    {
      "icon_id": "10452232",
      "name": "jiesuuo",
      "font_class": "jiesuuo",
      "unicode": "e6a1",
      "unicode_decimal": 59041
    },
    {
      "icon_id": "10452233",
      "name": "shangshang",
      "font_class": "shangshang",
      "unicode": "e6a2",
      "unicode_decimal": 59042
    },
    {
      "icon_id": "10452234",
      "name": "quanping",
      "font_class": "quanping",
      "unicode": "e6a3",
      "unicode_decimal": 59043
    },
    {
      "icon_id": "10452235",
      "name": "shouji",
      "font_class": "shouji",
      "unicode": "e6a4",
      "unicode_decimal": 59044
    },
    {
      "icon_id": "10452236",
      "name": "mulu",
      "font_class": "mulu",
      "unicode": "e6a5",
      "unicode_decimal": 59045
    },
    {
      "icon_id": "10452237",
      "name": "waancheng",
      "font_class": "waancheng",
      "unicode": "e6a6",
      "unicode_decimal": 59046
    },
    {
      "icon_id": "10452238",
      "name": "web",
      "font_class": "web",
      "unicode": "e6a7",
      "unicode_decimal": 59047
    },
    {
      "icon_id": "10452239",
      "name": "mima",
      "font_class": "mima",
      "unicode": "e6a8",
      "unicode_decimal": 59048
    },
    {
      "icon_id": "10452240",
      "name": "wangchengw",
      "font_class": "wangchengw",
      "unicode": "e6a9",
      "unicode_decimal": 59049
    },
    {
      "icon_id": "10452241",
      "name": "sanc",
      "font_class": "sanc",
      "unicode": "e6aa",
      "unicode_decimal": 59050
    },
    {
      "icon_id": "10452242",
      "name": "shanghua",
      "font_class": "shanghua",
      "unicode": "e6ab",
      "unicode_decimal": 59051
    },
    {
      "icon_id": "10452243",
      "name": "shangchu",
      "font_class": "shangchu",
      "unicode": "e6ac",
      "unicode_decimal": 59052
    },
    {
      "icon_id": "10452244",
      "name": "shijian",
      "font_class": "shijian",
      "unicode": "e6ad",
      "unicode_decimal": 59053
    },
    {
      "icon_id": "10452245",
      "name": "xiazai",
      "font_class": "xiazai",
      "unicode": "e6ae",
      "unicode_decimal": 59054
    },
    {
      "icon_id": "10452246",
      "name": "shaxin",
      "font_class": "shaxin",
      "unicode": "e6af",
      "unicode_decimal": 59055
    },
    {
      "icon_id": "10452247",
      "name": "sousuo",
      "font_class": "sousuo",
      "unicode": "e6b0",
      "unicode_decimal": 59056
    },
    {
      "icon_id": "10452248",
      "name": "xiao",
      "font_class": "xiao",
      "unicode": "e6b1",
      "unicode_decimal": 59057
    },
    {
      "icon_id": "10452249",
      "name": "xin",
      "font_class": "xin",
      "unicode": "e6b2",
      "unicode_decimal": 59058
    },
    {
      "icon_id": "10452250",
      "name": "xiaoxi",
      "font_class": "xiaoxi",
      "unicode": "e6b3",
      "unicode_decimal": 59059
    },
    {
      "icon_id": "10452251",
      "name": "xianji",
      "font_class": "xianji",
      "unicode": "e6b4",
      "unicode_decimal": 59060
    },
    {
      "icon_id": "10452252",
      "name": "youxiang",
      "font_class": "youxiang",
      "unicode": "e6b5",
      "unicode_decimal": 59061
    },
    {
      "icon_id": "10452253",
      "name": "tishi",
      "font_class": "tishi",
      "unicode": "e6b6",
      "unicode_decimal": 59062
    },
    {
      "icon_id": "10452254",
      "name": "nanguo",
      "font_class": "nanguo",
      "unicode": "e6b7",
      "unicode_decimal": 59063
    },
    {
      "icon_id": "10452255",
      "name": "shouqi",
      "font_class": "shouqi",
      "unicode": "e6b8",
      "unicode_decimal": 59064
    },
    {
      "icon_id": "10452256",
      "name": "zhankai",
      "font_class": "zhankai",
      "unicode": "e6b9",
      "unicode_decimal": 59065
    },
    {
      "icon_id": "10452257",
      "name": "xia",
      "font_class": "xia",
      "unicode": "e6ba",
      "unicode_decimal": 59066
    },
    {
      "icon_id": "10452258",
      "name": "yuedu",
      "font_class": "yuedu",
      "unicode": "e6bb",
      "unicode_decimal": 59067
    },
    {
      "icon_id": "10452259",
      "name": "shuoming",
      "font_class": "shuoming",
      "unicode": "e6bc",
      "unicode_decimal": 59068
    },
    {
      "icon_id": "10452260",
      "name": "wenjian",
      "font_class": "wenjian",
      "unicode": "e6bd",
      "unicode_decimal": 59069
    },
    {
      "icon_id": "10452261",
      "name": "wenjianjia",
      "font_class": "wenjianjia",
      "unicode": "e6be",
      "unicode_decimal": 59070
    },
    {
      "icon_id": "10452262",
      "name": "shouye",
      "font_class": "shouye",
      "unicode": "e6bf",
      "unicode_decimal": 59071
    },
    {
      "icon_id": "10452263",
      "name": "zk",
      "font_class": "zk",
      "unicode": "e6c0",
      "unicode_decimal": 59072
    },
    {
      "icon_id": "10452264",
      "name": "zhuanhuan",
      "font_class": "zhuanhuan",
      "unicode": "e6c1",
      "unicode_decimal": 59073
    },
    {
      "icon_id": "10452265",
      "name": "zuozuo",
      "font_class": "zuozuo",
      "unicode": "e6c2",
      "unicode_decimal": 59074
    },
    {
      "icon_id": "10452266",
      "name": "yoou",
      "font_class": "yoou",
      "unicode": "e6c3",
      "unicode_decimal": 59075
    },
    {
      "icon_id": "10452267",
      "name": "xinxinx",
      "font_class": "xinxinx",
      "unicode": "e6c4",
      "unicode_decimal": 59076
    },
    {
      "icon_id": "10452268",
      "name": "zuo",
      "font_class": "zuo",
      "unicode": "e6c5",
      "unicode_decimal": 59077
    },
    {
      "icon_id": "10452269",
      "name": "youyouy",
      "font_class": "youyouy",
      "unicode": "e6c6",
      "unicode_decimal": 59078
    },
    {
      "icon_id": "10452270",
      "name": "shezhi",
      "font_class": "shezhi",
      "unicode": "e6c7",
      "unicode_decimal": 59079
    },
    {
      "icon_id": "10452271",
      "name": "Shape",
      "font_class": "Shape",
      "unicode": "e6c8",
      "unicode_decimal": 59080
    },
    {
      "icon_id": "10452272",
      "name": "wunai",
      "font_class": "wunai",
      "unicode": "e6c9",
      "unicode_decimal": 59081
    },
    {
      "icon_id": "10452273",
      "name": "tupian",
      "font_class": "tupian",
      "unicode": "e6ca",
      "unicode_decimal": 59082
    },
    {
      "icon_id": "10452274",
      "name": "youyoou",
      "font_class": "youyoou",
      "unicode": "e6cb",
      "unicode_decimal": 59083
    },
    {
      "icon_id": "10452275",
      "name": "xiangmu",
      "font_class": "xiangmu",
      "unicode": "e6cc",
      "unicode_decimal": 59084
    },
    {
      "icon_id": "10452276",
      "name": "zang",
      "font_class": "zang",
      "unicode": "e6cd",
      "unicode_decimal": 59085
    }
  ]
}
