 [
    {
        "path": "/",
        "icon": "shouye",
        "title": "首页"
    },
    {
      "path":"/markdown",
      "icon":"doc",
      "title":"文档中心",
      "app":"doc"
    },
    {
        "icon": "geren",
        "title": "用户与权限",
        "path":"account",
        "children": [
            {
                "path": "/accountManagement",
                "icon": "menu_accout",
                "app":"account",
                "title": "账户管理"
            },
            {
                "path": "/roleManagement",
                "icon": "menu_rolemanage",
                "app":"account",
                "title": "角色管理"
              },
              {
                "path": "/positionManagement",
                "icon": "menu_position",
                "app":"account",
                "title": "岗位管理"
              },
              {
                "path": "/organizationManagement",
                "icon": "menu_org",
                "app":"account",
                "title": "组织机构管理"
              },
              {
                "path": "/usersGroupManagement",
                "icon": "menu_usergroup",
                "app":"account",
                "title": "用户组管理"
              },
              {
                "path": "/menuAuthorityManage",
                "icon": "menu_menumanage",
                "app":"account",
                "title": "功能菜单权限管理"
              },
              {
                "path": "/buttonAuthorityManage",
                "icon": "menu_btnmanage",
                "app":"account",
                "title": "功能按钮权限管理"
              },
              {
                "path": "/roleRelation",
                "icon": "menu_btnmanage",
                "app":"account",
                "title": "角色关系绑定"
              },
              {
                "path": "/themeManage",
                "icon": "menu_style",
                "app":"account",
                "title": "系统主题管理"
              }
        ]
    },
    {
      "icon": "yuedu",
      "path":"engine",
      "title": "表单引擎",
      "children": [
        {
          "icon": "menu_formtemp",
          "title": "表单模板管理",
          "path":"formtemplatelist",
          "children": [
            {
              "path": "/template",
              "icon": "menu_list",
              "title": "表单模板列表"
            },
            {
              "path": "/styles",
              "icon": "menu_style",
              "title": "表单样式功能"
            },
            {
              "path": "/func",
              "icon": "menu_func",
              "title": "全局函数管理"
            },
            {
              "path": "/preview",
              "icon": "preview",
              "title": "预览模版"
            }
          ]
        },
        {
          "icon": "menu_forminstance",
          "title": "表单实例管理",
          "path":"forminstance",
          "children": [
            {
              "icon": "menu_list",
              "title": "表单实例列表",
              "path":"forminstancelist",
              "children": [{
                "path": "/test",
                "icon": "menu_list",
                "title": "测试"
              }]
            }
          ]
        },
        {
          "path": "/listTemplate",
          "icon": "menu_listtemp",
          "app":"page",
          "title": "列表功能"
        },
        {
          "path": "/pageflow",
          "icon": "menu_listtemp",
          "app":"page",
          "title": "页面流管理"
        },
        {
          "path":"/instance",
          "icon": "menu_listtemp",
          "app":"page",
          "title": "页面流管理"
        },
        {
          "path": "/migration/template/export",
          "icon": "menu_export",
          "title": "数据导出管理"
        },
        {
          "path": "/migration/template/import",
          "icon": "menu_import",
          "title": "数据导入管理"
        }
      ]
    },
    {
      "icon": "chouti",
      "title": "基础工具套件",
      "path":"tooltik",
      "children": [
        {
          "path": "/envVariable",
          "icon": "menu_paramsmanage",
          "app":"account",
          "title": "参数管理"
        },
        {
          "path": "/codeRule",
          "icon": "menu_codeRule",
          "app":"account",
          "title": "编码规则管理"
        },
        {
          "path": "/scheduler",
          "icon": "menu_timer",
          "app":"account",
          "title": "定时任务管理"
        },
        {
          "icon": "menu_datasource",
          "title": "数据源",
          "path":"datasource",
          "children": [
            {
              "path": "/datasourcemanage",
              "icon": "menu_datasourcesetting",
              "app":"datasource",
              "title": "数据视图-数据源管理"
            },
            {
              "path": "/dataviewsourcemanage",
              "icon": "menu_dataviewManage",
              "app":"datasource",
              "title": "数据视图编辑"
            },
            {
              "path": "/dataAuth",
              "icon": "menu_authority",
              "app":"datasource",
              "title": "数据视图-数据权限"
            },
            {
              "path": "/remoteserviceaddressmanage",
              "icon": "menu_addressmanage",
              "app":"datasource",
              "title": "远端调用-地址管理"
            },
            {
              "path": "/remoteservicemanage",
              "icon": "menu_http",
              "app":"datasource",
              "title": "远端调用管理"
            },
            {
              "path": "/serviceSource",
              "icon": "menu_http",
              "app":"datasource",
              "title": "服务源管理"
            },
            {
              "path": "/enum",
              "icon": "menu_dict",
              "app":"datasource",
              "title": "数据字典管理"
            },
            {
              "path": "/template/dataTableManage",
              "icon":"datatable",
              "app":"datasource",
              "title":"数据表"
            }
          ]
        },
        {
          "path": "/migration/basic/export",
          "icon": "menu_export",
          "app":"datasource",
          "title": "基础配置导出管理"
        },
        {
          "path": "/migration/basic/import",
          "icon": "menu_import",
          "app":"datasource",
          "title": "基础配置导入管理"
        }
      ]
    },
    {
      "icon": "xiangmu",
      "title": "流程引擎",
      "path":"process",
      "children": [
        {
          "icon": "menu_processtemp",
          "title": "流程模板管理",
          "path":"processmanage",
          "children": [
            {
              "path": "/flowcontrol",
              "icon": "menu_list",
              "title": "流程模板列表"
            },
            {
              "path": "/monitor",
              "icon": "menu_monitor",
              "title": "监听器管理"
            },
            {
              "path": "/operation",
              "icon": "menu_paramsmanage",
              "title": "按钮功能操作管理"
            }
          ]
        },
        {
          "icon": "menu_flowinstance",
          "title": "流程实例管理",
          "path":"flowmanage",
          "children": [
            {
              "path": "/flowInstance/useableFlowTemp",
              "icon": "menu_useable",
              "title": "我可发起的流程"
            },
            {
              "path": "/flowInstance/launchBySelf",
              "icon": "menu_launch",
              "title": "我发起的流程"
            },
            {
              "path": "/flowInstance/done",
              "icon": "menu_done",
              "title": "我的已办"
            },
            {
              "path": "/flowInstance/waiting",
              "icon": "menu_waiting",
              "title": "我的待办"
            },
            {
              "path": "/flowInstance/copy",
              "icon": "menu_copy",
              "title": "我的抄送"
            },
            {
              "path": "/flowInstance/list",
              "icon": "menu_list",
              "title": "流程实例列表"
            }
          ]
        }
      ]
    }
]