{
  "id": "1463649",
  "name": "技术中台icon",
  "font_family": "nebula",
  "css_prefix_text": "engine-icon-",
  "description": "",
  "glyphs": [
    {
      "icon_id": "14097410",
      "name": "集卡",
      "font_class": "jika",
      "unicode": "e6e3",
      "unicode_decimal": 59107
    },
    {
      "icon_id": "14097411",
      "name": "摇一摇配置",
      "font_class": "yaoyiyaopeizhi",
      "unicode": "e6f7",
      "unicode_decimal": 59127
    },
    {
      "icon_id": "14097412",
      "name": "大转盘配置",
      "font_class": "dazhuanpanpeizhi",
      "unicode": "e6f8",
      "unicode_decimal": 59128
    },
    {
      "icon_id": "14097413",
      "name": "九宫",
      "font_class": "jiugong",
      "unicode": "e6f9",
      "unicode_decimal": 59129
    },
    {
      "icon_id": "14097414",
      "name": "游戏配置",
      "font_class": "youxipeizhi",
      "unicode": "e6fa",
      "unicode_decimal": 59130
    },
    {
      "icon_id": "14097415",
      "name": "砸金蛋",
      "font_class": "zajindan",
      "unicode": "e6fb",
      "unicode_decimal": 59131
    },
    {
      "icon_id": "14101002",
      "name": "动作管理",
      "font_class": "dongzuoguanli",
      "unicode": "e6fc",
      "unicode_decimal": 59132
    },
    {
      "icon_id": "14101003",
      "name": "系统面板",
      "font_class": "xitongmianban",
      "unicode": "e700",
      "unicode_decimal": 59136
    },
    {
      "icon_id": "14101004",
      "name": "数据面板",
      "font_class": "shujumianban",
      "unicode": "e701",
      "unicode_decimal": 59137
    },
    {
      "icon_id": "14101005",
      "name": "动作指标配置",
      "font_class": "dongzuozhibiaopeizhi",
      "unicode": "e702",
      "unicode_decimal": 59138
    },
    {
      "icon_id": "14101006",
      "name": "指标管理",
      "font_class": "zhibiaoguanli",
      "unicode": "e703",
      "unicode_decimal": 59139
    },
    {
      "icon_id": "14101007",
      "name": "数据源管理",
      "font_class": "shujuyuanguanli",
      "unicode": "e704",
      "unicode_decimal": 59140
    },
    {
      "icon_id": "14101008",
      "name": "数据源传输记录",
      "font_class": "shujuyuanchuanshujilu",
      "unicode": "e705",
      "unicode_decimal": 59141
    },
    {
      "icon_id": "14101009",
      "name": "配置管理",
      "font_class": "peizhiguanli1",
      "unicode": "e706",
      "unicode_decimal": 59142
    },
    {
      "icon_id": "14101010",
      "name": "数据源类型",
      "font_class": "shujuyuanleixing",
      "unicode": "e707",
      "unicode_decimal": 59143
    },
    {
      "icon_id": "13503322",
      "name": "扫码",
      "font_class": "saoma",
      "unicode": "e6c7",
      "unicode_decimal": 59079
    },
    {
      "icon_id": "13385970",
      "name": "场景关键词",
      "font_class": "changjingguanjianci",
      "unicode": "e6f5",
      "unicode_decimal": 59125
    },
    {
      "icon_id": "13385971",
      "name": "基础工具套件",
      "font_class": "jichugongjutaojian2",
      "unicode": "e6f6",
      "unicode_decimal": 59126
    },
    {
      "icon_id": "13251966",
      "name": "表单模版列表",
      "font_class": "biaodanmobanliebiao",
      "unicode": "e6bb",
      "unicode_decimal": 59067
    },
    {
      "icon_id": "13251967",
      "name": "标签分类",
      "font_class": "biaoqianfenlei",
      "unicode": "e6ce",
      "unicode_decimal": 59086
    },
    {
      "icon_id": "13251968",
      "name": "标签日志",
      "font_class": "biaoqianrizhi",
      "unicode": "e6cf",
      "unicode_decimal": 59087
    },
    {
      "icon_id": "13251969",
      "name": "表单实例列表",
      "font_class": "biaodanshililiebiao",
      "unicode": "e6d0",
      "unicode_decimal": 59088
    },
    {
      "icon_id": "13251970",
      "name": "分享小程序",
      "font_class": "fenxiangxiaochengxu",
      "unicode": "e6d2",
      "unicode_decimal": 59090
    },
    {
      "icon_id": "13251971",
      "name": "互动积分",
      "font_class": "hudongjifen",
      "unicode": "e6d3",
      "unicode_decimal": 59091
    },
    {
      "icon_id": "13251972",
      "name": "活动管理",
      "font_class": "huodongguanli",
      "unicode": "e6d4",
      "unicode_decimal": 59092
    },
    {
      "icon_id": "13251973",
      "name": "标签管理",
      "font_class": "biaoqianguanli",
      "unicode": "e6d5",
      "unicode_decimal": 59093
    },
    {
      "icon_id": "13251974",
      "name": "会员管理",
      "font_class": "huiyuanguanli1",
      "unicode": "e6d7",
      "unicode_decimal": 59095
    },
    {
      "icon_id": "13251975",
      "name": "会员等级规则",
      "font_class": "huiyuandengjiguize",
      "unicode": "e6d8",
      "unicode_decimal": 59096
    },
    {
      "icon_id": "13251976",
      "name": "表单实例管理",
      "font_class": "biaodanshiliguanli",
      "unicode": "e6d9",
      "unicode_decimal": 59097
    },
    {
      "icon_id": "13251977",
      "name": "功能菜单权限管理",
      "font_class": "gongnengcaidanquanxianguanli1",
      "unicode": "e6db",
      "unicode_decimal": 59099
    },
    {
      "icon_id": "13251978",
      "name": "会员权益设置管理",
      "font_class": "huiyuanquanyishezhiguanli",
      "unicode": "e6dc",
      "unicode_decimal": 59100
    },
    {
      "icon_id": "13251979",
      "name": "积分记录管理",
      "font_class": "jifenjiluguanli",
      "unicode": "e6dd",
      "unicode_decimal": 59101
    },
    {
      "icon_id": "13251980",
      "name": "积分管理",
      "font_class": "jifenguanli",
      "unicode": "e6de",
      "unicode_decimal": 59102
    },
    {
      "icon_id": "13251981",
      "name": "徽章管理",
      "font_class": "huizhangguanli",
      "unicode": "e6df",
      "unicode_decimal": 59103
    },
    {
      "icon_id": "13251982",
      "name": "基础配置导出管理",
      "font_class": "jichupeizhidaochuguanli",
      "unicode": "e6e0",
      "unicode_decimal": 59104
    },
    {
      "icon_id": "13251983",
      "name": "上传图文内容管理",
      "font_class": "shangchuantuwenneirongguanli1",
      "unicode": "e6e1",
      "unicode_decimal": 59105
    },
    {
      "icon_id": "13251984",
      "name": "内容管理",
      "font_class": "neirongguanli1",
      "unicode": "e6e2",
      "unicode_decimal": 59106
    },
    {
      "icon_id": "13251986",
      "name": "基础配置导入管理",
      "font_class": "jichupeizhidaoruguanli",
      "unicode": "e6e4",
      "unicode_decimal": 59108
    },
    {
      "icon_id": "13251987",
      "name": "数据导入管理",
      "font_class": "shujudaoruguanli",
      "unicode": "e6e5",
      "unicode_decimal": 59109
    },
    {
      "icon_id": "13251988",
      "name": "数据导出管理",
      "font_class": "shujudaochuguanli",
      "unicode": "e6e6",
      "unicode_decimal": 59110
    },
    {
      "icon_id": "13251989",
      "name": "功能按钮权限管理",
      "font_class": "gongnenganniuquanxianguanli1",
      "unicode": "e6e7",
      "unicode_decimal": 59111
    },
    {
      "icon_id": "13251990",
      "name": "商品管理",
      "font_class": "shangpinguanli",
      "unicode": "e6e8",
      "unicode_decimal": 59112
    },
    {
      "icon_id": "13251991",
      "name": "首页",
      "font_class": "shouye1",
      "unicode": "e6e9",
      "unicode_decimal": 59113
    },
    {
      "icon_id": "13251992",
      "name": "积分商城管理",
      "font_class": "jifenshangchengguanli1",
      "unicode": "e6ea",
      "unicode_decimal": 59114
    },
    {
      "icon_id": "13251993",
      "name": "上传视频内容管理",
      "font_class": "shangchuanshipinneirongguanli",
      "unicode": "e6eb",
      "unicode_decimal": 59115
    },
    {
      "icon_id": "13251994",
      "name": "首页配置",
      "font_class": "shouyepeizhi1",
      "unicode": "e6ec",
      "unicode_decimal": 59116
    },
    {
      "icon_id": "13251995",
      "name": "系统主题管理",
      "font_class": "xitongzhutiguanli",
      "unicode": "e6ed",
      "unicode_decimal": 59117
    },
    {
      "icon_id": "13251996",
      "name": "消费积分",
      "font_class": "xiaofeijifen",
      "unicode": "e6ee",
      "unicode_decimal": 59118
    },
    {
      "icon_id": "13251997",
      "name": "账户管理",
      "font_class": "zhanghuguanli",
      "unicode": "e6ef",
      "unicode_decimal": 59119
    },
    {
      "icon_id": "13251998",
      "name": "系统积分",
      "font_class": "xitongjifen",
      "unicode": "e6f0",
      "unicode_decimal": 59120
    },
    {
      "icon_id": "13251999",
      "name": "组织机构管理",
      "font_class": "zuzhijigouguanli",
      "unicode": "e6f1",
      "unicode_decimal": 59121
    },
    {
      "icon_id": "13252000",
      "name": "活动中心配置",
      "font_class": "huodongzhongxinpeizhi",
      "unicode": "e6f2",
      "unicode_decimal": 59122
    },
    {
      "icon_id": "13252001",
      "name": "用户分群",
      "font_class": "yonghufenqun",
      "unicode": "e6f3",
      "unicode_decimal": 59123
    },
    {
      "icon_id": "13252002",
      "name": "会员列表",
      "font_class": "huiyuanliebiao",
      "unicode": "e6f4",
      "unicode_decimal": 59124
    },
    {
      "icon_id": "13207853",
      "name": "箭头",
      "font_class": "jiantou",
      "unicode": "e6d6",
      "unicode_decimal": 59094
    },
    {
      "icon_id": "13207857",
      "name": "首页配置",
      "font_class": "shouyepeizhi",
      "unicode": "e6da",
      "unicode_decimal": 59098
    },
    {
      "icon_id": "13203535",
      "name": "表单模版管理",
      "font_class": "biaodanmobanguanli",
      "unicode": "e6c6",
      "unicode_decimal": 59078
    },
    {
      "icon_id": "13203537",
      "name": "功能菜单权限管理",
      "font_class": "gongnengcaidanquanxianguanli",
      "unicode": "e6c8",
      "unicode_decimal": 59080
    },
    {
      "icon_id": "13203538",
      "name": "功能按钮权限管理",
      "font_class": "gongnenganniuquanxianguanli",
      "unicode": "e6c9",
      "unicode_decimal": 59081
    },
    {
      "icon_id": "13203539",
      "name": "基础配置导出",
      "font_class": "jichupeizhidaochu",
      "unicode": "e6ca",
      "unicode_decimal": 59082
    },
    {
      "icon_id": "13203540",
      "name": "基础配置导入",
      "font_class": "jichupeizhidaoru",
      "unicode": "e6cb",
      "unicode_decimal": 59083
    },
    {
      "icon_id": "13203542",
      "name": "上传图文内容管理",
      "font_class": "shangchuantuwenneirongguanli",
      "unicode": "e6cc",
      "unicode_decimal": 59084
    },
    {
      "icon_id": "13203543",
      "name": "首页",
      "font_class": "shouye",
      "unicode": "e6cd",
      "unicode_decimal": 59085
    },
    {
      "icon_id": "13203547",
      "name": "主题系统管理",
      "font_class": "zhutixitongguanli",
      "unicode": "e6d1",
      "unicode_decimal": 59089
    },
    {
      "icon_id": "13080666",
      "name": "会员管理",
      "font_class": "huiyuanguanli",
      "unicode": "e629",
      "unicode_decimal": 58921
    },
    {
      "icon_id": "13080667",
      "name": "分析报表",
      "font_class": "fenxibaobiao",
      "unicode": "e62d",
      "unicode_decimal": 58925
    },
    {
      "icon_id": "13080669",
      "name": "活动配置",
      "font_class": "huodongpeizhi",
      "unicode": "e6bc",
      "unicode_decimal": 59068
    },
    {
      "icon_id": "13080670",
      "name": "标签主数据",
      "font_class": "biaoqianzhushuju",
      "unicode": "e6bd",
      "unicode_decimal": 59069
    },
    {
      "icon_id": "13080671",
      "name": "积分商城管理",
      "font_class": "jifenshangchengguanli",
      "unicode": "e6be",
      "unicode_decimal": 59070
    },
    {
      "icon_id": "13080672",
      "name": "内容管理",
      "font_class": "neirongguanli",
      "unicode": "e6bf",
      "unicode_decimal": 59071
    },
    {
      "icon_id": "13080673",
      "name": "配置管理",
      "font_class": "peizhiguanli",
      "unicode": "e6c0",
      "unicode_decimal": 59072
    },
    {
      "icon_id": "13080674",
      "name": "奖励规则管理",
      "font_class": "jiangliguizeguanli",
      "unicode": "e6c1",
      "unicode_decimal": 59073
    },
    {
      "icon_id": "13080675",
      "name": "数据源配置",
      "font_class": "shujuyuanpeizhi",
      "unicode": "e6c2",
      "unicode_decimal": 59074
    },
    {
      "icon_id": "13080676",
      "name": "任务配置",
      "font_class": "renwupeizhi",
      "unicode": "e6c3",
      "unicode_decimal": 59075
    },
    {
      "icon_id": "13080677",
      "name": "用户洞察分析",
      "font_class": "yonghudongchafenxi",
      "unicode": "e6c4",
      "unicode_decimal": 59076
    },
    {
      "icon_id": "13080678",
      "name": "智能运营",
      "font_class": "zhinengyunying",
      "unicode": "e6c5",
      "unicode_decimal": 59077
    },
    {
      "icon_id": "12256092",
      "name": "在线（卡片—）@1x",
      "font_class": "zaixiankapianx1",
      "unicode": "e6ba",
      "unicode_decimal": 59066
    },
    {
      "icon_id": "6246414",
      "name": "权限",
      "font_class": "menu_authority",
      "unicode": "e789",
      "unicode_decimal": 59273
    },
    {
      "icon_id": "70690",
      "name": "函数",
      "font_class": "menu_func",
      "unicode": "e604",
      "unicode_decimal": 58884
    },
    {
      "icon_id": "369140",
      "name": "列表",
      "font_class": "menu_list",
      "unicode": "e605",
      "unicode_decimal": 58885
    },
    {
      "icon_id": "580712",
      "name": "数据视图配置",
      "font_class": "menu_dataviewsetting",
      "unicode": "e609",
      "unicode_decimal": 58889
    },
    {
      "icon_id": "963668",
      "name": "套用流程模板",
      "font_class": "menu_processtemp",
      "unicode": "e68e",
      "unicode_decimal": 59022
    },
    {
      "icon_id": "1581474",
      "name": "样式",
      "font_class": "menu_style",
      "unicode": "e68f",
      "unicode_decimal": 59023
    },
    {
      "icon_id": "1581921",
      "name": "表单引擎",
      "font_class": "menu_formengine",
      "unicode": "e61d",
      "unicode_decimal": 58909
    },
    {
      "icon_id": "1663368",
      "name": "list-alt",
      "font_class": "_list_alt",
      "unicode": "e7ae",
      "unicode_decimal": 59310
    },
    {
      "icon_id": "1718321",
      "name": "返回",
      "font_class": "pre",
      "unicode": "e608",
      "unicode_decimal": 58888
    },
    {
      "icon_id": "1718323",
      "name": "更多",
      "font_class": "next",
      "unicode": "e60c",
      "unicode_decimal": 58892
    },
    {
      "icon_id": "1910376",
      "name": "表单模板",
      "font_class": "menu_formtemp",
      "unicode": "e6aa",
      "unicode_decimal": 59050
    },
    {
      "icon_id": "1961719",
      "name": "数据字典",
      "font_class": "menu_dict",
      "unicode": "e607",
      "unicode_decimal": 58887
    },
    {
      "icon_id": "2006920",
      "name": "账户管理",
      "font_class": "menu_accout",
      "unicode": "e690",
      "unicode_decimal": 59024
    },
    {
      "icon_id": "2194838",
      "name": "监听器",
      "font_class": "menu_monitor",
      "unicode": "e60a",
      "unicode_decimal": 58890
    },
    {
      "icon_id": "2302745",
      "name": "流程引擎",
      "font_class": "menu_processengine",
      "unicode": "e60b",
      "unicode_decimal": 58891
    },
    {
      "icon_id": "2388596",
      "name": "print",
      "font_class": "_print",
      "unicode": "e6ff",
      "unicode_decimal": 59135
    },
    {
      "icon_id": "2780870",
      "name": "角色管理",
      "font_class": "menu_rolemanage",
      "unicode": "e6fd",
      "unicode_decimal": 59133
    },
    {
      "icon_id": "2987142",
      "name": "可用",
      "font_class": "menu_useable",
      "unicode": "e691",
      "unicode_decimal": 59025
    },
    {
      "icon_id": "3183683",
      "name": "定时任务",
      "font_class": "menu_timer",
      "unicode": "e692",
      "unicode_decimal": 59026
    },
    {
      "icon_id": "3624547",
      "name": "菜单管理",
      "font_class": "menu_menumanage",
      "unicode": "e693",
      "unicode_decimal": 59027
    },
    {
      "icon_id": "4050242",
      "name": "抄送 (1)",
      "font_class": "menu_copy",
      "unicode": "e694",
      "unicode_decimal": 59028
    },
    {
      "icon_id": "4416720",
      "name": "综合页面列表配置",
      "font_class": "menu_listtemp",
      "unicode": "e742",
      "unicode_decimal": 59202
    },
    {
      "icon_id": "4515921",
      "name": "岗位管理",
      "font_class": "menu_position",
      "unicode": "e695",
      "unicode_decimal": 59029
    },
    {
      "icon_id": "4737759",
      "name": "导出",
      "font_class": "menu_export",
      "unicode": "e6fe",
      "unicode_decimal": 59134
    },
    {
      "icon_id": "4745605",
      "name": "commenting-o",
      "font_class": "_comment",
      "unicode": "e60e",
      "unicode_decimal": 58894
    },
    {
      "icon_id": "4921102",
      "name": "用户与权限",
      "font_class": "menu_userandauthority",
      "unicode": "e6ab",
      "unicode_decimal": 59051
    },
    {
      "icon_id": "5027334",
      "name": "组织机构",
      "font_class": "menu_org",
      "unicode": "e60d",
      "unicode_decimal": 58893
    },
    {
      "icon_id": "5038414",
      "name": "check",
      "font_class": "_check",
      "unicode": "e696",
      "unicode_decimal": 59030
    },
    {
      "icon_id": "5190044",
      "name": "导入 (2)",
      "font_class": "menu_import",
      "unicode": "e7d8",
      "unicode_decimal": 59352
    },
    {
      "icon_id": "5422028",
      "name": "search close",
      "font_class": "_close",
      "unicode": "e610",
      "unicode_decimal": 58896
    },
    {
      "icon_id": "5479705",
      "name": "已办",
      "font_class": "menu_done",
      "unicode": "e60f",
      "unicode_decimal": 58895
    },
    {
      "icon_id": "5637547",
      "name": "参数管理",
      "font_class": "menu_paramsmanage",
      "unicode": "e611",
      "unicode_decimal": 58897
    },
    {
      "icon_id": "5647015",
      "name": "地址管理",
      "font_class": "menu_addressmanage",
      "unicode": "e622",
      "unicode_decimal": 58914
    },
    {
      "icon_id": "5783584",
      "name": "数据源",
      "font_class": "menu_datasource",
      "unicode": "e612",
      "unicode_decimal": 58898
    },
    {
      "icon_id": "6670159",
      "name": "首页-选中",
      "font_class": "menu_home",
      "unicode": "e697",
      "unicode_decimal": 59031
    },
    {
      "icon_id": "6760831",
      "name": "用户组",
      "font_class": "menu_usergroup",
      "unicode": "e6ac",
      "unicode_decimal": 59052
    },
    {
      "icon_id": "7094797",
      "name": "refresh",
      "font_class": "_refresh",
      "unicode": "e613",
      "unicode_decimal": 58899
    },
    {
      "icon_id": "7202382",
      "name": "wpforms",
      "font_class": "_wpforms",
      "unicode": "e623",
      "unicode_decimal": 58915
    },
    {
      "icon_id": "7203910",
      "name": "clone",
      "font_class": "_clone",
      "unicode": "e619",
      "unicode_decimal": 58905
    },
    {
      "icon_id": "7357458",
      "name": "待办",
      "font_class": "menu_waiting",
      "unicode": "e615",
      "unicode_decimal": 58901
    },
    {
      "icon_id": "7693131",
      "name": "流程实例",
      "font_class": "menu_flowinstance",
      "unicode": "ee69",
      "unicode_decimal": 61033
    },
    {
      "icon_id": "7826247",
      "name": "发起",
      "font_class": "menu_launch",
      "unicode": "e906",
      "unicode_decimal": 59654
    },
    {
      "icon_id": "7862014",
      "name": "数据源",
      "font_class": "menu_datasourcesetting",
      "unicode": "e698",
      "unicode_decimal": 59032
    },
    {
      "icon_id": "7936362",
      "name": "上 灰色@1.5x",
      "font_class": "rollback",
      "unicode": "e62c",
      "unicode_decimal": 58924
    },
    {
      "icon_id": "7936372",
      "name": "下 灰色@1.5x",
      "font_class": "forward",
      "unicode": "e699",
      "unicode_decimal": 59033
    },
    {
      "icon_id": "8110832",
      "name": "基础-工具",
      "font_class": "menu_basetool",
      "unicode": "e744",
      "unicode_decimal": 59204
    },
    {
      "icon_id": "8638171",
      "name": "数据表",
      "font_class": "menu_datatable",
      "unicode": "e69a",
      "unicode_decimal": 59034
    },
    {
      "icon_id": "8648357",
      "name": "数据视图管理",
      "font_class": "menu_dataviewManage",
      "unicode": "e616",
      "unicode_decimal": 58902
    },
    {
      "icon_id": "8775056",
      "name": "http",
      "font_class": "menu_http",
      "unicode": "e69b",
      "unicode_decimal": 59035
    },
    {
      "icon_id": "8788507",
      "name": "开始",
      "font_class": "-start",
      "unicode": "e62a",
      "unicode_decimal": 58922
    },
    {
      "icon_id": "8788559",
      "name": "结束",
      "font_class": "-end",
      "unicode": "e69c",
      "unicode_decimal": 59036
    },
    {
      "icon_id": "9016997",
      "name": "编码规则",
      "font_class": "menu_codeRule",
      "unicode": "e69d",
      "unicode_decimal": 59037
    },
    {
      "icon_id": "9140862",
      "name": "-_表单实例",
      "font_class": "menu_forminstance",
      "unicode": "e617",
      "unicode_decimal": 58903
    },
    {
      "icon_id": "9272168",
      "name": "全屏",
      "font_class": "-full-screen",
      "unicode": "e69e",
      "unicode_decimal": 59038
    },
    {
      "icon_id": "9272173",
      "name": "缩小",
      "font_class": "-narrow",
      "unicode": "e69f",
      "unicode_decimal": 59039
    },
    {
      "icon_id": "9272223",
      "name": "放大",
      "font_class": "-flow-magnify",
      "unicode": "e6a0",
      "unicode_decimal": 59040
    },
    {
      "icon_id": "9272224",
      "name": "缩小",
      "font_class": "-flow-shrink",
      "unicode": "e6a1",
      "unicode_decimal": 59041
    },
    {
      "icon_id": "9332223",
      "name": "功能按钮管理",
      "font_class": "menu_btnmanage",
      "unicode": "e733",
      "unicode_decimal": 59187
    },
    {
      "icon_id": "9402174",
      "name": "rollback",
      "font_class": "-flow-rollback",
      "unicode": "e6a2",
      "unicode_decimal": 59042
    },
    {
      "icon_id": "9402175",
      "name": "forward",
      "font_class": "-flow-forward",
      "unicode": "e6a3",
      "unicode_decimal": 59043
    },
    {
      "icon_id": "10025359",
      "name": "table",
      "font_class": "_table",
      "unicode": "e61a",
      "unicode_decimal": 58906
    },
    {
      "icon_id": "10289928",
      "name": "guanbi",
      "font_class": "-flow-close",
      "unicode": "e6a4",
      "unicode_decimal": 59044
    },
    {
      "icon_id": "10289946",
      "name": "tijiaoquerenwenjian",
      "font_class": "-flow-submit",
      "unicode": "e6a5",
      "unicode_decimal": 59045
    },
    {
      "icon_id": "10289949",
      "name": "zancun",
      "font_class": "-flow-save",
      "unicode": "e6a6",
      "unicode_decimal": 59046
    },
    {
      "icon_id": "10294474",
      "name": "huanyuan",
      "font_class": "-flow-restore",
      "unicode": "e6a7",
      "unicode_decimal": 59047
    },
    {
      "icon_id": "10490471",
      "name": "迁移",
      "font_class": "menu_transfer",
      "unicode": "e61b",
      "unicode_decimal": 58907
    },
    {
      "icon_id": "10813923",
      "name": "tags",
      "font_class": "_tags",
      "unicode": "e61c",
      "unicode_decimal": 58908
    },
    {
      "icon_id": "10813943",
      "name": "tree-o",
      "font_class": "_tree_o",
      "unicode": "e61e",
      "unicode_decimal": 58910
    },
    {
      "icon_id": "10813990",
      "name": "check-circle-o",
      "font_class": "_check_circle_o",
      "unicode": "e6a8",
      "unicode_decimal": 59048
    },
    {
      "icon_id": "10814051",
      "name": "check-square-o",
      "font_class": "_check_square_o",
      "unicode": "e6a9",
      "unicode_decimal": 59049
    },
    {
      "icon_id": "10814096",
      "name": "header",
      "font_class": "_header",
      "unicode": "e6ad",
      "unicode_decimal": 59053
    },
    {
      "icon_id": "10814100",
      "name": "sort-numeric-asc",
      "font_class": "_sort_numeric_asc",
      "unicode": "e6ae",
      "unicode_decimal": 59054
    },
    {
      "icon_id": "10814128",
      "name": "calendar",
      "font_class": "_calendar",
      "unicode": "e6af",
      "unicode_decimal": 59055
    },
    {
      "icon_id": "10814180",
      "name": "zui28x28icon35",
      "font_class": "_text",
      "unicode": "e6b0",
      "unicode_decimal": 59056
    },
    {
      "icon_id": "10814517",
      "name": "Mobile",
      "font_class": "-mobile",
      "unicode": "e6b1",
      "unicode_decimal": 59057
    },
    {
      "icon_id": "10814522",
      "name": "iconfonts",
      "font_class": "-fonts",
      "unicode": "e6b2",
      "unicode_decimal": 59058
    },
    {
      "icon_id": "10814523",
      "name": "icon-address-book",
      "font_class": "-address-book",
      "unicode": "e6b3",
      "unicode_decimal": 59059
    },
    {
      "icon_id": "10814528",
      "name": "icon_xiazai",
      "font_class": "-download",
      "unicode": "e6b4",
      "unicode_decimal": 59060
    },
    {
      "icon_id": "10814529",
      "name": "icontextwidth",
      "font_class": "-text-width",
      "unicode": "e6b5",
      "unicode_decimal": 59061
    },
    {
      "icon_id": "10815150",
      "name": "upload",
      "font_class": "-upload",
      "unicode": "e6b6",
      "unicode_decimal": 59062
    },
    {
      "icon_id": "10816599",
      "name": "picture-o",
      "font_class": "-picture-o",
      "unicode": "e6b7",
      "unicode_decimal": 59063
    },
    {
      "icon_id": "10817245",
      "name": "desktop",
      "font_class": "-desktop",
      "unicode": "e6b8",
      "unicode_decimal": 59064
    },
    {
      "icon_id": "10817498",
      "name": "icon_question_circle",
      "font_class": "-question-circle",
      "unicode": "e6b9",
      "unicode_decimal": 59065
    },
    {
      "icon_id": "11962218",
      "name": "engine-icon-rbac-access",
      "font_class": "zaixiankapianx",
      "unicode": "e62e",
      "unicode_decimal": 58926
    },
    {
      "icon_id": "11962221",
      "name": "engine-icon-rbac-forbidden",
      "font_class": "jinzhikapianx",
      "unicode": "e62f",
      "unicode_decimal": 58927
    },
    {
      "icon_id": "11962222",
      "name": "engine-icon-rbac-userGroup",
      "font_class": "guanliyuanzux",
      "unicode": "e630",
      "unicode_decimal": 58928
    },
    {
      "icon_id": "11962223",
      "name": "engine-icon-rbac-moreOne",
      "font_class": "gengduohuisex",
      "unicode": "e631",
      "unicode_decimal": 58929
    },
    {
      "icon_id": "11962225",
      "name": "engine-icon-rbac-moreTwo",
      "font_class": "gengduolansex",
      "unicode": "e632",
      "unicode_decimal": 58930
    },
    {
      "icon_id": "11962229",
      "name": "engine-icon-rbac-clickIconActive",
      "font_class": "dianxuanlanx",
      "unicode": "e67c",
      "unicode_decimal": 59004
    },
    {
      "icon_id": "11962230",
      "name": "engine-icon-rbac-finance",
      "font_class": "caiwuliebiaox",
      "unicode": "e67f",
      "unicode_decimal": 59007
    },
    {
      "icon_id": "11962231",
      "name": "engine-icon-rbac-editor",
      "font_class": "bianjix",
      "unicode": "e680",
      "unicode_decimal": 59008
    },
    {
      "icon_id": "11962235",
      "name": "engine-icon-rbac-save",
      "font_class": "baocunx",
      "unicode": "e683",
      "unicode_decimal": 59011
    },
    {
      "icon_id": "11962236",
      "name": "engine-icon-rbac-trash",
      "font_class": "shanchux",
      "unicode": "e684",
      "unicode_decimal": 59012
    },
    {
      "icon_id": "11962237",
      "name": "engine-icon-rbac-clickIcon",
      "font_class": "shurukuangdianxuanx",
      "unicode": "e685",
      "unicode_decimal": 59013
    },
    {
      "icon_id": "11962238",
      "name": "engine-icon-rbac-search",
      "font_class": "sousuox1",
      "unicode": "e686",
      "unicode_decimal": 59014
    },
    {
      "icon_id": "11962239",
      "name": "engine-icon-rbac-addIcon",
      "font_class": "tianjiayoushangjiaofangxinganniux",
      "unicode": "e68a",
      "unicode_decimal": 59018
    },
    {
      "icon_id": "11962242",
      "name": "engine-icon-rbac-tree",
      "font_class": "xinanjiaodax",
      "unicode": "e68b",
      "unicode_decimal": 59019
    },
    {
      "icon_id": "11962243",
      "name": "engine-icon-rbac-expand",
      "font_class": "xialaxuanzejiantoux",
      "unicode": "e68c",
      "unicode_decimal": 59020
    },
    {
      "icon_id": "11962244",
      "name": "engine-icon-rbac-formInfo",
      "font_class": "ziduanx",
      "unicode": "e68d",
      "unicode_decimal": 59021
    },
    {
      "icon_id": "11927790",
      "name": "engine-icon-rbac-dragger",
      "font_class": "dianjituodongfangdax",
      "unicode": "e61f",
      "unicode_decimal": 58911
    },
    {
      "icon_id": "11927798",
      "name": "engine-icon-rbac-toggleStyle",
      "font_class": "fenggex",
      "unicode": "e620",
      "unicode_decimal": 58912
    },
    {
      "icon_id": "11927800",
      "name": "engine-icon-rbac-connectCard",
      "font_class": "huabanx",
      "unicode": "e621",
      "unicode_decimal": 58913
    },
    {
      "icon_id": "11927808",
      "name": "engine-icon-rbac-close",
      "font_class": "shanchushubiaohuadongxianshikapianx",
      "unicode": "e624",
      "unicode_decimal": 58916
    },
    {
      "icon_id": "11927820",
      "name": "engine-icon-rbac-search",
      "font_class": "sousuox",
      "unicode": "e625",
      "unicode_decimal": 58917
    },
    {
      "icon_id": "11927826",
      "name": "engine-icon-rbac-add",
      "font_class": "tianjiax",
      "unicode": "e626",
      "unicode_decimal": 58918
    },
    {
      "icon_id": "11927833",
      "name": "engine-icon-rbac-addform",
      "font_class": "tianjiadaobangdingx",
      "unicode": "e627",
      "unicode_decimal": 58919
    },
    {
      "icon_id": "11927835",
      "name": "engine-icon-rbac-triangle",
      "font_class": "xialajiantoux",
      "unicode": "e628",
      "unicode_decimal": 58920
    },
    {
      "icon_id": "11927855",
      "name": "engine-icon-rbac-refresh",
      "font_class": "zhongzhix",
      "unicode": "e62b",
      "unicode_decimal": 58923
    },
    {
      "icon_id": "818432",
      "name": "导出",
      "font_class": "export",
      "unicode": "e614",
      "unicode_decimal": 58900
    },
    {
      "icon_id": "3187328",
      "name": "绑定",
      "font_class": "bind",
      "unicode": "e602",
      "unicode_decimal": 58882
    },
    {
      "icon_id": "4045709",
      "name": "重置",
      "font_class": "reset",
      "unicode": "e658",
      "unicode_decimal": 58968
    },
    {
      "icon_id": "5830668",
      "name": "禁用",
      "font_class": "disable",
      "unicode": "e669",
      "unicode_decimal": 58985
    },
    {
      "icon_id": "6774156",
      "name": "启用",
      "font_class": "enable",
      "unicode": "e603",
      "unicode_decimal": 58883
    },
    {
      "icon_id": "7055069",
      "name": "导入",
      "font_class": "import",
      "unicode": "e618",
      "unicode_decimal": 58904
    },
    {
      "icon_id": "9708632",
      "name": "新增",
      "font_class": "add",
      "unicode": "e606",
      "unicode_decimal": 58886
    },
    {
      "icon_id": "11209",
      "name": "图表 柱状图",
      "font_class": "bar_graph",
      "unicode": "e600",
      "unicode_decimal": 58880
    },
    {
      "icon_id": "9901934",
      "name": "折线图",
      "font_class": "bar_chart",
      "unicode": "e74a",
      "unicode_decimal": 59210
    },
    {
      "icon_id": "10371737",
      "name": "气泡",
      "font_class": "bubble",
      "unicode": "e601",
      "unicode_decimal": 58881
    },
    {
      "icon_id": "8776631",
      "name": "view",
      "font_class": "view",
      "unicode": "e633",
      "unicode_decimal": 58931
    },
    {
      "icon_id": "8776676",
      "name": "view_off",
      "font_class": "view_off",
      "unicode": "e634",
      "unicode_decimal": 58932
    },
    {
      "icon_id": "8776692",
      "name": "message",
      "font_class": "message",
      "unicode": "e635",
      "unicode_decimal": 58933
    },
    {
      "icon_id": "8776706",
      "name": "message_unread",
      "font_class": "message_unread",
      "unicode": "e636",
      "unicode_decimal": 58934
    },
    {
      "icon_id": "8776711",
      "name": "record",
      "font_class": "record",
      "unicode": "e637",
      "unicode_decimal": 58935
    },
    {
      "icon_id": "8776715",
      "name": "time",
      "font_class": "time",
      "unicode": "e638",
      "unicode_decimal": 58936
    },
    {
      "icon_id": "8776716",
      "name": "credits",
      "font_class": "credits",
      "unicode": "e639",
      "unicode_decimal": 58937
    },
    {
      "icon_id": "8776769",
      "name": "renew",
      "font_class": "renew",
      "unicode": "e63a",
      "unicode_decimal": 58938
    },
    {
      "icon_id": "8776784",
      "name": "order",
      "font_class": "order",
      "unicode": "e63b",
      "unicode_decimal": 58939
    },
    {
      "icon_id": "8776785",
      "name": "order_unread",
      "font_class": "order_unread",
      "unicode": "e63c",
      "unicode_decimal": 58940
    },
    {
      "icon_id": "8776822",
      "name": "cart_empty",
      "font_class": "cart_empty",
      "unicode": "e63d",
      "unicode_decimal": 58941
    },
    {
      "icon_id": "8776823",
      "name": "cart",
      "font_class": "cart",
      "unicode": "e63e",
      "unicode_decimal": 58942
    },
    {
      "icon_id": "8776842",
      "name": "search",
      "font_class": "search",
      "unicode": "e63f",
      "unicode_decimal": 58943
    },
    {
      "icon_id": "8776843",
      "name": "edit",
      "font_class": "edit",
      "unicode": "e640",
      "unicode_decimal": 58944
    },
    {
      "icon_id": "8776871",
      "name": "link",
      "font_class": "link",
      "unicode": "e641",
      "unicode_decimal": 58945
    },
    {
      "icon_id": "8776872",
      "name": "share",
      "font_class": "share",
      "unicode": "e642",
      "unicode_decimal": 58946
    },
    {
      "icon_id": "8776873",
      "name": "setting",
      "font_class": "setting",
      "unicode": "e643",
      "unicode_decimal": 58947
    },
    {
      "icon_id": "8776877",
      "name": "upload",
      "font_class": "upload",
      "unicode": "e644",
      "unicode_decimal": 58948
    },
    {
      "icon_id": "8776878",
      "name": "download",
      "font_class": "download",
      "unicode": "e645",
      "unicode_decimal": 58949
    },
    {
      "icon_id": "8776879",
      "name": "play",
      "font_class": "play",
      "unicode": "e646",
      "unicode_decimal": 58950
    },
    {
      "icon_id": "8776944",
      "name": "region",
      "font_class": "region",
      "unicode": "e647",
      "unicode_decimal": 58951
    },
    {
      "icon_id": "8776945",
      "name": "discount",
      "font_class": "discount",
      "unicode": "e648",
      "unicode_decimal": 58952
    },
    {
      "icon_id": "8776987",
      "name": "notification",
      "font_class": "notification",
      "unicode": "e649",
      "unicode_decimal": 58953
    },
    {
      "icon_id": "8776988",
      "name": "notification_off",
      "font_class": "notification_off",
      "unicode": "e64a",
      "unicode_decimal": 58954
    },
    {
      "icon_id": "8776998",
      "name": "phonecall",
      "font_class": "phonecall",
      "unicode": "e64b",
      "unicode_decimal": 58955
    },
    {
      "icon_id": "8776999",
      "name": "phonecall_off",
      "font_class": "phonecall_off",
      "unicode": "e64c",
      "unicode_decimal": 58956
    },
    {
      "icon_id": "8777038",
      "name": "lock",
      "font_class": "lock",
      "unicode": "e64d",
      "unicode_decimal": 58957
    },
    {
      "icon_id": "8777039",
      "name": "unlock",
      "font_class": "unlock",
      "unicode": "e64e",
      "unicode_decimal": 58958
    },
    {
      "icon_id": "8777050",
      "name": "ET",
      "font_class": "ET",
      "unicode": "e64f",
      "unicode_decimal": 58959
    },
    {
      "icon_id": "8777078",
      "name": "flow",
      "font_class": "flow",
      "unicode": "e650",
      "unicode_decimal": 58960
    },
    {
      "icon_id": "8777080",
      "name": "filter",
      "font_class": "filter",
      "unicode": "e651",
      "unicode_decimal": 58961
    },
    {
      "icon_id": "8777131",
      "name": "calculator",
      "font_class": "calculator",
      "unicode": "e652",
      "unicode_decimal": 58962
    },
    {
      "icon_id": "8777165",
      "name": "image",
      "font_class": "image",
      "unicode": "e653",
      "unicode_decimal": 58963
    },
    {
      "icon_id": "8777166",
      "name": "email",
      "font_class": "email",
      "unicode": "e654",
      "unicode_decimal": 58964
    },
    {
      "icon_id": "8777224",
      "name": "copy",
      "font_class": "copy",
      "unicode": "e655",
      "unicode_decimal": 58965
    },
    {
      "icon_id": "8777250",
      "name": "user",
      "font_class": "user",
      "unicode": "e656",
      "unicode_decimal": 58966
    },
    {
      "icon_id": "8777251",
      "name": "customer_service",
      "font_class": "customer_service",
      "unicode": "e657",
      "unicode_decimal": 58967
    },
    {
      "icon_id": "8777252",
      "name": "sub_account",
      "font_class": "sub_account",
      "unicode": "e659",
      "unicode_decimal": 58969
    },
    {
      "icon_id": "8777307",
      "name": "partner",
      "font_class": "partner",
      "unicode": "e65a",
      "unicode_decimal": 58970
    },
    {
      "icon_id": "8777370",
      "name": "list",
      "font_class": "list",
      "unicode": "e65b",
      "unicode_decimal": 58971
    },
    {
      "icon_id": "8777371",
      "name": "international",
      "font_class": "international",
      "unicode": "e65c",
      "unicode_decimal": 58972
    },
    {
      "icon_id": "8777372",
      "name": "refresh",
      "font_class": "refresh",
      "unicode": "e65d",
      "unicode_decimal": 58973
    },
    {
      "icon_id": "8777387",
      "name": "close_filled",
      "font_class": "close_filled",
      "unicode": "e65e",
      "unicode_decimal": 58974
    },
    {
      "icon_id": "8777388",
      "name": "check",
      "font_class": "check",
      "unicode": "e65f",
      "unicode_decimal": 58975
    },
    {
      "icon_id": "8777389",
      "name": "close",
      "font_class": "close",
      "unicode": "e660",
      "unicode_decimal": 58976
    },
    {
      "icon_id": "8777390",
      "name": "check_filled",
      "font_class": "check_filled",
      "unicode": "e661",
      "unicode_decimal": 58977
    },
    {
      "icon_id": "8777399",
      "name": "forbidden",
      "font_class": "forbidden",
      "unicode": "e662",
      "unicode_decimal": 58978
    },
    {
      "icon_id": "8777402",
      "name": "forbidden_filled",
      "font_class": "forbidden_filled",
      "unicode": "e663",
      "unicode_decimal": 58979
    },
    {
      "icon_id": "8777413",
      "name": "info_filled",
      "font_class": "info_filled",
      "unicode": "e664",
      "unicode_decimal": 58980
    },
    {
      "icon_id": "8777414",
      "name": "info",
      "font_class": "info",
      "unicode": "e665",
      "unicode_decimal": 58981
    },
    {
      "icon_id": "8777426",
      "name": "help_filled",
      "font_class": "help_filled",
      "unicode": "e666",
      "unicode_decimal": 58982
    },
    {
      "icon_id": "8777427",
      "name": "help",
      "font_class": "help",
      "unicode": "e667",
      "unicode_decimal": 58983
    },
    {
      "icon_id": "8777429",
      "name": "caution",
      "font_class": "caution",
      "unicode": "e668",
      "unicode_decimal": 58984
    },
    {
      "icon_id": "8777487",
      "name": "caution_filled",
      "font_class": "caution_filled",
      "unicode": "e66a",
      "unicode_decimal": 58986
    },
    {
      "icon_id": "8777492",
      "name": "like",
      "font_class": "like",
      "unicode": "e66b",
      "unicode_decimal": 58987
    },
    {
      "icon_id": "8777493",
      "name": "like_filled",
      "font_class": "like_filled",
      "unicode": "e66c",
      "unicode_decimal": 58988
    },
    {
      "icon_id": "8777494",
      "name": "star",
      "font_class": "star",
      "unicode": "e66d",
      "unicode_decimal": 58989
    },
    {
      "icon_id": "8777495",
      "name": "star_filled",
      "font_class": "star_filled",
      "unicode": "e66e",
      "unicode_decimal": 58990
    },
    {
      "icon_id": "8777509",
      "name": "arrow_up",
      "font_class": "icon-test58",
      "unicode": "e66f",
      "unicode_decimal": 58991
    },
    {
      "icon_id": "8777510",
      "name": "arrow_left",
      "font_class": "arrow_left",
      "unicode": "e670",
      "unicode_decimal": 58992
    },
    {
      "icon_id": "8777511",
      "name": "arrow_down",
      "font_class": "arrow_down",
      "unicode": "e671",
      "unicode_decimal": 58993
    },
    {
      "icon_id": "8777512",
      "name": "arrow_right",
      "font_class": "arrow_right",
      "unicode": "e672",
      "unicode_decimal": 58994
    },
    {
      "icon_id": "8777532",
      "name": "page_first",
      "font_class": "page_first",
      "unicode": "e673",
      "unicode_decimal": 58995
    },
    {
      "icon_id": "8777533",
      "name": "down_to_bottom",
      "font_class": "down_to_bottom",
      "unicode": "e674",
      "unicode_decimal": 58996
    },
    {
      "icon_id": "8777534",
      "name": "up_to_top",
      "font_class": "up_to_top",
      "unicode": "e675",
      "unicode_decimal": 58997
    },
    {
      "icon_id": "8777535",
      "name": "page_last",
      "font_class": "page_last",
      "unicode": "e676",
      "unicode_decimal": 58998
    },
    {
      "icon_id": "8777600",
      "name": "page_turning_left",
      "font_class": "page_turning_left",
      "unicode": "e677",
      "unicode_decimal": 58999
    },
    {
      "icon_id": "8777601",
      "name": "page_turning_right",
      "font_class": "page_turning_right",
      "unicode": "e678",
      "unicode_decimal": 59000
    },
    {
      "icon_id": "8777602",
      "name": "show_less",
      "font_class": "show_less",
      "unicode": "e679",
      "unicode_decimal": 59001
    },
    {
      "icon_id": "8777603",
      "name": "show_more",
      "font_class": "show_more",
      "unicode": "e67a",
      "unicode_decimal": 59002
    },
    {
      "icon_id": "8777646",
      "name": "social_fb",
      "font_class": "social_fb",
      "unicode": "e67b",
      "unicode_decimal": 59003
    },
    {
      "icon_id": "8777649",
      "name": "social_sina",
      "font_class": "social_sina",
      "unicode": "e67d",
      "unicode_decimal": 59005
    },
    {
      "icon_id": "8777650",
      "name": "social_google",
      "font_class": "social_google",
      "unicode": "e67e",
      "unicode_decimal": 59006
    },
    {
      "icon_id": "8777653",
      "name": "social_youtube",
      "font_class": "social_youtube",
      "unicode": "e681",
      "unicode_decimal": 59009
    },
    {
      "icon_id": "8777654",
      "name": "social_github",
      "font_class": "social_github",
      "unicode": "e682",
      "unicode_decimal": 59010
    },
    {
      "icon_id": "8783413",
      "name": "balance",
      "font_class": "balance",
      "unicode": "e687",
      "unicode_decimal": 59015
    },
    {
      "icon_id": "8918244",
      "name": "go-to-link",
      "font_class": "go-to-link",
      "unicode": "e688",
      "unicode_decimal": 59016
    },
    {
      "icon_id": "8918512",
      "name": "benefits",
      "font_class": "benefits",
      "unicode": "e689",
      "unicode_decimal": 59017
    }
  ]
}
